{"cameraMode":{"drawMode":0,"name":"Shaded","section":"Shading Mode"},"sceneLighting":false,"audioPlay":false,"sceneViewState":{"m_AlwaysRefresh":false,"showFog":true,"showSkybox":false,"showFlares":true,"showImageEffects":true,"showParticleSystems":true,"showVisualEffectGraphs":true,"m_FxEnabled":true},"in2DMode":false,"pivot":{"x":94.14042663574219,"y":14.345617294311524,"z":-54.983856201171878},"rotation":{"x":0.009937876835465432,"y":-0.9392510056495667,"z":0.3439067006111145,"w":0.02481500431895256},"size":112.78816986083985,"orthographic":false}