{"cameraMode":{"drawMode":0,"name":"Shaded","section":"Shading Mode"},"sceneLighting":false,"audioPlay":false,"sceneViewState":{"m_AlwaysRefresh":false,"showFog":true,"showSkybox":false,"showFlares":true,"showImageEffects":true,"showParticleSystems":true,"showVisualEffectGraphs":true,"m_FxEnabled":true},"in2DMode":false,"pivot":{"x":-1.1920928955078126e-7,"y":0.86734938621521,"z":0.01918625831604004},"rotation":{"x":-0.001302660210058093,"y":-0.9910931587219238,"z":0.13464249670505525,"w":-0.016445834189653398},"size":2.05723237991333,"orthographic":false}