{"cameraMode":{"drawMode":0,"name":"Shaded","section":"Shading Mode"},"sceneLighting":false,"audioPlay":false,"sceneViewState":{"m_AlwaysRefresh":false,"showFog":true,"showSkybox":false,"showFlares":true,"showImageEffects":true,"showParticleSystems":true,"showVisualEffectGraphs":true,"m_FxEnabled":true},"in2DMode":false,"pivot":{"x":0.0008853673934936523,"y":1.7323589324951172,"z":-0.000006079673767089844},"rotation":{"x":-0.001302660210058093,"y":-0.9910931587219238,"z":0.13464249670505525,"w":-0.016445834189653398},"size":2.988996982574463,"orthographic":false}