{"cameraMode":{"drawMode":0,"name":"Shaded","section":"Shading Mode"},"sceneLighting":true,"audioPlay":false,"sceneViewState":{"m_AlwaysRefresh":false,"showFog":true,"showSkybox":true,"showFlares":true,"showImageEffects":true,"showParticleSystems":true,"showVisualEffectGraphs":true,"m_FxEnabled":true},"in2DMode":false,"pivot":{"x":-2.4813995361328127,"y":0.10050201416015625,"z":62.72043228149414},"rotation":{"x":0.3984842300415039,"y":-0.3079291582107544,"z":0.14177438616752625,"w":0.8534549474716187},"size":7.492109298706055,"orthographic":false}