{"cameraMode":{"drawMode":0,"name":"Shaded","section":"Shading Mode"},"sceneLighting":false,"audioPlay":false,"sceneViewState":{"m_AlwaysRefresh":false,"showFog":true,"showSkybox":false,"showFlares":true,"showImageEffects":true,"showParticleSystems":true,"showVisualEffectGraphs":true,"m_FxEnabled":true},"in2DMode":false,"pivot":{"x":-0.16349168121814729,"y":0.9242414832115173,"z":0.685495138168335},"rotation":{"x":-0.001302660210058093,"y":-0.9910931587219238,"z":0.13464249670505525,"w":-0.016445834189653398},"size":2.6870808601379396,"orthographic":false}